Strategy,Leads_Targeted,Conversions,Conversion_Rate,Cost,Revenue,ROI,Cost_Savings,ROI_Improvement
Current Approach,739,147,0.19891745602165087,36950,294000,695.6698240866035,,
Top 10%,73,72,0.9863013698630136,3650,144000,3845.205479452055,33300.0,3149.5356553654515
Top 20%,147,124,0.8435374149659864,7350,248000,3274.149659863946,29600.0,2578.4798357773425
Top 30%,221,133,0.6018099547511312,11050,266000,2307.239819004525,25900.0,1611.5699949179216
Top 40%,295,140,0.4745762711864407,14750,280000,1798.3050847457625,22200.0,1102.635260659159
Top 50%,369,144,0.3902439024390244,18450,288000,1460.9756097560976,18500.0,765.3057856694941
